CREATE DATABASE  IF NOT EXISTS `universidade` /*!40100 DEFAULT CHARACTER SET latin1 */;
USE `universidade`;
-- MySQL dump 10.13  Distrib 5.7.17, for Win64 (x86_64)
--
-- Host: 127.0.0.1    Database: universidade
-- ------------------------------------------------------
-- Server version	5.6.25

/*!40101 SET @OLD_CHARACTER_SET_CLIENT=@@CHARACTER_SET_CLIENT */;
/*!40101 SET @OLD_CHARACTER_SET_RESULTS=@@CHARACTER_SET_RESULTS */;
/*!40101 SET @OLD_COLLATION_CONNECTION=@@COLLATION_CONNECTION */;
/*!40101 SET NAMES utf8 */;
/*!40103 SET @OLD_TIME_ZONE=@@TIME_ZONE */;
/*!40103 SET TIME_ZONE='+00:00' */;
/*!40014 SET @OLD_UNIQUE_CHECKS=@@UNIQUE_CHECKS, UNIQUE_CHECKS=0 */;
/*!40014 SET @OLD_FOREIGN_KEY_CHECKS=@@FOREIGN_KEY_CHECKS, FOREIGN_KEY_CHECKS=0 */;
/*!40101 SET @OLD_SQL_MODE=@@SQL_MODE, SQL_MODE='NO_AUTO_VALUE_ON_ZERO' */;
/*!40111 SET @OLD_SQL_NOTES=@@SQL_NOTES, SQL_NOTES=0 */;

--
-- Table structure for table `aluno`
--

DROP TABLE IF EXISTS `aluno`;
/*!40101 SET @saved_cs_client     = @@character_set_client */;
/*!40101 SET character_set_client = utf8 */;
CREATE TABLE `aluno` (
  `id` int(11) NOT NULL AUTO_INCREMENT,
  `nome` varchar(100) NOT NULL,
  `rg` varchar(20) NOT NULL,
  `endereco` varchar(100) NOT NULL,
  PRIMARY KEY (`id`)
) ENGINE=InnoDB AUTO_INCREMENT=9 DEFAULT CHARSET=latin1;
/*!40101 SET character_set_client = @saved_cs_client */;

--
-- Dumping data for table `aluno`
--

LOCK TABLES `aluno` WRITE;
/*!40000 ALTER TABLE `aluno` DISABLE KEYS */;
INSERT INTO `aluno` VALUES (1,'José da Silva','11111111','Rua da Ladeira, 1000'),(2,'Maria Pereira','22222222','Rua das Flores, 500'),(3,'Leonardo da Vinci','33333333','Rua da Itália, 3300'),(4,'Michelangelo de Oliveira','44444444','Rua de Florença, 4000'),(5,'Monet da Silva','55555555','Rua da França'),(6,'Isaac Newton','66666666','Rua da Europa, 7777'),(7,'Galileu Galilei','99669966','Rua de Roma 1900'),(8,'Fourier de Lima','89898989','Rua de Paris, 6543');
/*!40000 ALTER TABLE `aluno` ENABLE KEYS */;
UNLOCK TABLES;

--
-- Table structure for table `disciplina`
--

DROP TABLE IF EXISTS `disciplina`;
/*!40101 SET @saved_cs_client     = @@character_set_client */;
/*!40101 SET character_set_client = utf8 */;
CREATE TABLE `disciplina` (
  `id` int(11) NOT NULL AUTO_INCREMENT,
  `nome` varchar(50) NOT NULL,
  PRIMARY KEY (`id`)
) ENGINE=InnoDB AUTO_INCREMENT=5 DEFAULT CHARSET=latin1;
/*!40101 SET character_set_client = @saved_cs_client */;

--
-- Dumping data for table `disciplina`
--

LOCK TABLES `disciplina` WRITE;
/*!40000 ALTER TABLE `disciplina` DISABLE KEYS */;
INSERT INTO `disciplina` VALUES (1,'Estrutura de Dados'),(2,'Programação Orientada a Objetos'),(3,'Laboratório de Programação'),(4,'Programação WEB');
/*!40000 ALTER TABLE `disciplina` ENABLE KEYS */;
UNLOCK TABLES;

--
-- Table structure for table `matricula`
--

DROP TABLE IF EXISTS `matricula`;
/*!40101 SET @saved_cs_client     = @@character_set_client */;
/*!40101 SET character_set_client = utf8 */;
CREATE TABLE `matricula` (
  `id` int(11) NOT NULL AUTO_INCREMENT,
  `id_turma` int(11) NOT NULL,
  `id_aluno` int(11) NOT NULL,
  PRIMARY KEY (`id`)
) ENGINE=InnoDB AUTO_INCREMENT=11 DEFAULT CHARSET=latin1;
/*!40101 SET character_set_client = @saved_cs_client */;

--
-- Dumping data for table `matricula`
--

LOCK TABLES `matricula` WRITE;
/*!40000 ALTER TABLE `matricula` DISABLE KEYS */;
INSERT INTO `matricula` VALUES (1,1,3),(2,1,4),(3,1,2),(4,2,4),(5,2,3),(6,3,1),(7,4,4),(8,4,1),(9,4,3),(10,4,2);
/*!40000 ALTER TABLE `matricula` ENABLE KEYS */;
UNLOCK TABLES;

--
-- Table structure for table `professor`
--

DROP TABLE IF EXISTS `professor`;
/*!40101 SET @saved_cs_client     = @@character_set_client */;
/*!40101 SET character_set_client = utf8 */;
CREATE TABLE `professor` (
  `id` int(11) NOT NULL AUTO_INCREMENT,
  `nome` varchar(100) NOT NULL,
  `cpf` varchar(20) NOT NULL,
  `titulo` varchar(20) NOT NULL,
  PRIMARY KEY (`id`)
) ENGINE=InnoDB AUTO_INCREMENT=5 DEFAULT CHARSET=latin1;
/*!40101 SET character_set_client = @saved_cs_client */;

--
-- Dumping data for table `professor`
--

LOCK TABLES `professor` WRITE;
/*!40000 ALTER TABLE `professor` DISABLE KEYS */;
INSERT INTO `professor` VALUES (1,'Katyusco José','232323232','Doutor'),(2,'Gustavo Wagner','852147963','Doutor'),(3,'Rhavy Ferreira','9632147895','Doutor'),(4,'Jeronimo Lima','123456789','Doutor');
/*!40000 ALTER TABLE `professor` ENABLE KEYS */;
UNLOCK TABLES;

--
-- Table structure for table `turma`
--

DROP TABLE IF EXISTS `turma`;
/*!40101 SET @saved_cs_client     = @@character_set_client */;
/*!40101 SET character_set_client = utf8 */;
CREATE TABLE `turma` (
  `id` int(11) NOT NULL AUTO_INCREMENT,
  `id_disciplina` int(11) NOT NULL,
  `id_professor` int(11) NOT NULL,
  `semestre` char(6) NOT NULL,
  PRIMARY KEY (`id`)
) ENGINE=InnoDB AUTO_INCREMENT=5 DEFAULT CHARSET=latin1;
/*!40101 SET character_set_client = @saved_cs_client */;

--
-- Dumping data for table `turma`
--

LOCK TABLES `turma` WRITE;
/*!40000 ALTER TABLE `turma` DISABLE KEYS */;
INSERT INTO `turma` VALUES (1,1,3,'2017-2'),(2,2,2,'2017-2'),(3,3,3,'2017-2'),(4,4,4,'2017-2');
/*!40000 ALTER TABLE `turma` ENABLE KEYS */;
UNLOCK TABLES;
/*!40103 SET TIME_ZONE=@OLD_TIME_ZONE */;

/*!40101 SET SQL_MODE=@OLD_SQL_MODE */;
/*!40014 SET FOREIGN_KEY_CHECKS=@OLD_FOREIGN_KEY_CHECKS */;
/*!40014 SET UNIQUE_CHECKS=@OLD_UNIQUE_CHECKS */;
/*!40101 SET CHARACTER_SET_CLIENT=@OLD_CHARACTER_SET_CLIENT */;
/*!40101 SET CHARACTER_SET_RESULTS=@OLD_CHARACTER_SET_RESULTS */;
/*!40101 SET COLLATION_CONNECTION=@OLD_COLLATION_CONNECTION */;
/*!40111 SET SQL_NOTES=@OLD_SQL_NOTES */;

-- Dump completed on 2017-11-09 15:52:09
